Temp,Frequency,Power,Error,inv,header
20,2455.66666666667,3.64836303627038e-07,-0.336101638668978,4,5
